candidate_id,historical_rank,name,math_audit,candidate_implementation,candidate_experiment_design,execution,blocker
C01,5,Rate-Distortion Dual Memory,reviewed in docs/CANDIDATE_AUDIT.md; formal card/review absent,not implemented,conditional obligations only,not executed,selection/contribution/collision evidence unresolved
C02,13,Query-Conditional Exact Recall,reviewed in docs/CANDIDATE_AUDIT.md; formal card/review absent,not implemented,conditional obligations only,not executed,selection/contribution/collision evidence unresolved
C03,9,Adaptive-Rank Predictive State,reviewed in docs/CANDIDATE_AUDIT.md; formal card/review absent,not implemented,conditional obligations only,not executed,selection/contribution/collision evidence unresolved
C04,17,Innovation-Episodic Split,reviewed in docs/CANDIDATE_AUDIT.md; formal card/review absent,not implemented,conditional obligations only,not executed,selection/contribution/collision evidence unresolved
C05,3,Counterfactual Predictive State,reviewed in docs/CANDIDATE_AUDIT.md; formal card/review absent,not implemented,conditional obligations only,not executed,selection/contribution/collision evidence unresolved
C06,8,Spectral-Subspace Core,reviewed in docs/CANDIDATE_AUDIT.md; formal card/review absent,not implemented,conditional obligations only,not executed,selection/contribution/collision evidence unresolved
C07,6,Mode-Conditioned Jacobian,reviewed in docs/CANDIDATE_AUDIT.md; formal card/review absent,not implemented,conditional obligations only,not executed,selection/contribution/collision evidence unresolved
C08,4,Slow-Fast Triangular Core,reviewed in docs/CANDIDATE_AUDIT.md; formal card/review absent,not implemented,conditional obligations only,not executed,selection/contribution/collision evidence unresolved
C09,10,Conservative-Dissipative Core,reviewed in docs/CANDIDATE_AUDIT.md; formal card/review absent,not implemented,conditional obligations only,not executed,selection/contribution/collision evidence unresolved
C10,16,Residual-Halted Reasoner,reviewed in docs/CANDIDATE_AUDIT.md; formal card/review absent,not implemented,conditional obligations only,not executed,selection/contribution/collision evidence unresolved
C11,11,Semantic-Invariance Bottleneck,reviewed in docs/CANDIDATE_AUDIT.md; formal card/review absent,not implemented,conditional obligations only,not executed,selection/contribution/collision evidence unresolved
C12,7,Event-Triggered Verbalization,reviewed in docs/CANDIDATE_AUDIT.md; formal card/review absent,not implemented,conditional obligations only,not executed,selection/contribution/collision evidence unresolved
C13,18,Hierarchical Semantic Latents,reviewed in docs/CANDIDATE_AUDIT.md; formal card/review absent,not implemented,conditional obligations only,not executed,selection/contribution/collision evidence unresolved
C14,12,Codec-State Cycle Consistency,reviewed in docs/CANDIDATE_AUDIT.md; formal card/review absent,not implemented,conditional obligations only,not executed,selection/contribution/collision evidence unresolved
C15,15,Distortion-Aware Decoder Router,reviewed in docs/CANDIDATE_AUDIT.md; formal card/review absent,not implemented,conditional obligations only,not executed,selection/contribution/collision evidence unresolved
C16,1,Belief-Workspace Separation,reviewed in docs/CANDIDATE_AUDIT.md; formal card/review absent,not implemented,conditional obligations only,not executed,selection/contribution/collision evidence unresolved
C17,20,Branching Counterfactual Rollouts,reviewed in docs/CANDIDATE_AUDIT.md; formal card/review absent,not implemented,conditional obligations only,not executed,selection/contribution/collision evidence unresolved
C18,19,Distributional Predictive World State,reviewed in docs/CANDIDATE_AUDIT.md; formal card/review absent,not implemented,conditional obligations only,not executed,selection/contribution/collision evidence unresolved
C19,14,Shared Cross-Modal Predictive State,reviewed in docs/CANDIDATE_AUDIT.md; formal card/review absent,not implemented,conditional obligations only,not executed,selection/contribution/collision evidence unresolved
C20,2,Operator-Split Three-Clock Core,reviewed in docs/CANDIDATE_AUDIT.md; formal card/review absent,not implemented,conditional obligations only,not executed,selection/contribution/collision evidence unresolved
